date,title,description
2025-02-23,Community Meeting,Discuss community issues
2025-02-24,Art Exhibition,Local artists showcase their work
2025-02-25,Book Club,Monthly book discussion
2025-02-26,Tech Talk,Discussion on the latest in technology
2025-02-27,Charity Run,Fundraising event for local charities
2025-02-28,Music Festival,Live performances from local bands
2025-03-01,Food Fair,Taste dishes from around the world
2025-03-02,Photography Workshop,Learn the art of photography
2025-03-03,Science Fair,Showcasing student projects
2025-03-04,Theater Performance,Local theater group presents a play
2025-03-05,Health Seminar,Talk on wellness and healthy living
2025-03-06,Book Signing,Meet the author of a bestselling novel
2025-03-07,Community Cleanup,Join us to clean up the local park
2025-03-08,Women's Day Celebration,Events honoring women in the community
2025-03-09,Spring Festival,Celebrate the arrival of spring
2025-03-10,Job Fair,Meet local employers and find job opportunities
2025-03-11,Open Mic Night,Showcase your talent at our open mic
2025-03-12,Film Screening,Watch a classic film with friends
2025-03-13,Potluck Dinner,Bring a dish to share with the community
2025-03-14,Outdoor Yoga,Join us for a relaxing yoga session
2025-03-15,Local History Tour,Explore the history of our town
2025-03-16,Kids' Craft Day,Fun crafts for children of all ages
2025-03-17,St. Patrick's Day Parade,Celebrate with a festive parade
2025-03-18,Game Night,Join us for board games and fun
2025-03-19,Plant Swap,Exchange plants with fellow gardeners
2025-03-20,Poetry Reading,Share your poetry or listen to others
2025-03-21,Community Garden Day,Help us plant in the community garden
2025-03-22,Tech Workshop,Learn about coding and programming
2025-03-23,Local Band Night,Enjoy live music from local bands
2025-03-24,Art Class,Join us for a painting class
2025-03-25,Volunteer Day,Help out at the local shelter
2025-03-26,Trivia Night,Test your knowledge and win prizes
2025-03-27,Food Drive,Donate non-perishable food items
2025-03-28,Spring Cleaning Event,Help clean up the community
2025-03-29,Photography Contest,Submit your best photos for a chance to win
2025-03-30,Outdoor Movie Night,Watch a movie under the stars
2025-03-31,Book Fair,Find great deals on books
2025-04-01,April Fools' Day Prank Contest,Share your best pranks
2025-04-02,Community Potluck,Bring a dish to share
2025-04-03,Health Fair,Free health screenings and information
2025-04-04,Music Workshop,Learn to play an instrument
2025-04-05,Spring Fashion Show,Showcase the latest spring styles
2025-04-06,Local Authors Night,Meet local authors and get books signed
2025-04-07,Science Workshop,Hands-on experiments for kids
2025-04-08,Community BBQ,Join us for food and fun
2025-04-09,Art Gallery Opening,Visit the new art exhibit
2025-04-10,Outdoor Adventure Day,Hiking and nature activities
2025-04-11,Pet Adoption Fair,Find a new furry friend
2025-04-12,History Lecture,Learn about local history
2025-04-13,Spring Concert,Enjoy music from local artists
2025-04-14,Family Game Day,Fun games for the whole family
2025-04-15,Earth Day Celebration,Activities focused on sustainability
2025-04-16,Photography Exhibition,Showcasing local photographers
2025-04-17,Community Talent Show,Show off your talent
2025-04-18,Outdoor Fitness Class,Join us for a workout in the park
2025-04-19,Book Swap,Exchange books with others
2025-04-20,Community Art Project,Collaborate on a mural
2025-04-21,Local Business Expo,Support local businesses
2025-04-22,Earth Day Cleanup,Help clean up the environment
2025-04-23,Outdoor Concert,Enjoy live music in the park
2025-04-24,Spring Craft Fair,Shop handmade crafts from local artisans
2025-04-25,Family Movie Night,Watch a family-friendly film
2025-04-26,Community Sports Day,Participate in fun sports activities
2025-04-27,Open House at the Library,Explore library resources
2025-04-28,Photography Workshop,Learn tips and tricks for better photos
2025-04-29,Local History Walk,Discover historical sites in the area
2025-04-30,Spring Dance,Join us for a night of dancing